<?xml version="1.0" encoding="UTF-8"?>
<beans xmlns="http://www.springframework.org/schema/beans"
	xmlns:xsi="http://www.w3.org/2001/XMLSchema-instance" xmlns:p="http://www.springframework.org/schema/p"
	xmlns:context="http://www.springframework.org/schema/context"
	xmlns:dubbo="http://code.alibabatech.com/schema/dubbo" xmlns:mvc="http://www.springframework.org/schema/mvc"
	xsi:schemaLocation="http://www.springframework.org/schema/beans http://www.springframework.org/schema/beans/spring-beans-4.0.xsd
        http://www.springframework.org/schema/mvc http://www.springframework.org/schema/mvc/spring-mvc-4.0.xsd
        http://code.alibabatech.com/schema/dubbo http://code.alibabatech.com/schema/dubbo/dubbo.xsd
        http://www.springframework.org/schema/context http://www.springframework.org/schema/context/spring-context-4.0.xsd">
    
    <context:property-placeholder location="classpath:resource/resource.properties"/>
    
    <!-- @Controller注解扫描 -->
    <context:component-scan base-package="com.taotao.controller"></context:component-scan>
    
    <!-- 注解驱动:
    		替我们显示的配置了最新版的注解的处理器映射器和处理器适配器 -->
	<mvc:annotation-driven></mvc:annotation-driven>
	    
    <!-- 配置视图解析器 
	作用:在controller中指定页面路径的时候就不用写页面的完整路径名称了,可以直接写页面去掉扩展名的名称
	-->
	<bean class="org.springframework.web.servlet.view.InternalResourceViewResolver">
		<!-- 真正的页面路径 =  前缀 + 去掉后缀名的页面名称 + 后缀 -->
		<!-- 前缀 -->
		<property name="prefix" value="/WEB-INF/jsp/"></property>
		<!-- 后缀 -->
		<property name="suffix" value=".jsp"></property>
	</bean>
	
	<!-- 配置文件上传解析器 -->
	<bean id="multipartResolver"
		class="org.springframework.web.multipart.commons.CommonsMultipartResolver">
		<!-- 设定默认编码 -->
		<property name="defaultEncoding" value="UTF-8"></property>
		<!-- 设定文件上传的最大值5MB，5*1024*1024 -->
		<property name="maxUploadSize" value="5242880"></property>
	</bean>
	
	<!-- 引用dubbo服务 -->
	<dubbo:application name="taotao-manager-web"/>
	<dubbo:registry protocol="zookeeper" address="192.168.25.175:2181"/>	
	<dubbo:reference interface="com.taotao.service.ItemService" id="itemService" />
	<dubbo:reference interface="com.taotao.service.ItemCatService" id="itemCatService" />
	<dubbo:reference interface="com.taotao.content.service.ContentCategoryService" id="contentCategoryService" />
	<dubbo:reference interface="com.taotao.content.service.ContentService" id="contentService" />
	<dubbo:reference interface="com.taotao.search.service.SearchItemService" id="searchItemServiceImpl" />
	<!-- 配置资源文件映射 -->
	<mvc:resources location="/css/" mapping="/css/**"/>
	<mvc:resources location="/js/" mapping="/js/**"/>
	
</beans>
